person_id,date_of_birth,city
1,2004-05-17,Sandrastad
2,1994-02-26,Port Stacyview
3,1919-03-20,West Madisonfurt
4,1933-10-16,Smithborough
5,1969-04-26,South Jamiehaven
6,1968-03-07,Simmonsland
7,1958-05-26,Jamesland
8,1984-07-25,Port Morgan
9,1981-04-20,Port Fernandomouth
10,1965-10-28,Castillochester
11,1926-06-24,Kellymouth
12,1915-11-26,Daleport
13,2001-12-29,Theresatown
14,1953-05-07,North Jessicachester
15,1912-11-25,New Joshuaport
16,1980-06-26,Port Vanessahaven
17,1982-10-06,Maysside
18,1981-07-01,Shawnton
19,1990-03-26,Jamiemouth
20,1917-05-29,West Phyllisburgh
21,1969-11-30,Scottberg
22,2023-06-17,Annehaven
23,1998-01-08,Lake Dawnstad
24,1932-02-24,Lake Jenniferfort
25,1929-05-14,Michaelview
26,1966-09-21,Hutchinsonmouth
27,2003-11-23,East Patriciaton
28,1999-10-02,South Tiffanyside
29,1932-09-03,Port Robert
30,1959-02-06,New Melissa
31,2022-09-03,Brownside
32,2009-10-29,West Stacy
33,1927-01-28,Port Glenn
34,2010-01-03,Langfurt
35,2014-11-12,Kingview
36,1994-03-19,East Antonio
37,1928-05-26,Adammouth
38,1984-08-13,Ferrellton
39,2017-08-28,South Dianaburgh
40,1945-05-26,North Territown
41,1974-06-13,New Edward
42,1930-08-10,New Richardhaven
43,1934-06-18,Peterfurt
44,1986-06-27,East Jacquelineton
45,1970-01-11,Port Matthew
46,1984-03-19,Martinburgh
47,1921-04-30,Port Bryan
48,1978-05-18,Schroedermouth
49,1950-04-10,New Ronaldburgh
50,1934-07-21,Wilsonburgh
51,1982-11-15,Williamsbury
52,1988-04-25,Kentville
53,1957-07-04,South Nicolefort
54,1938-03-25,Lisaberg
55,1923-01-02,Burnsbury
56,1941-06-13,Seanland
57,1951-04-13,Johnsonberg
58,1949-08-20,East Erik
59,1938-03-03,East Timothy
60,2010-01-15,Lake Williamshire
61,2009-04-25,Port Julieside
62,1949-12-17,Hurstshire
63,2004-04-03,West Connie
64,1990-03-08,Stevenside
65,1928-08-31,South Julie
66,1930-04-27,West Marisafort
67,1924-07-05,New Tammy
68,2005-05-27,Lake Heidichester
69,1917-09-26,North Mark
70,1949-08-05,West Nicholasborough
71,2008-02-14,East Kathrynchester
72,1979-09-04,West Allenmouth
73,1983-10-12,Yatesborough
74,1914-04-02,Lake Lisabury
75,1964-03-08,Carlosborough
76,1962-09-06,West Zacharyside
77,1982-10-02,North Thomasland
78,1996-01-11,Owenberg
79,1978-11-21,Gallagherborough
80,1913-10-24,North Matthewfort
81,1912-10-28,Angelaside
82,1923-01-08,Joshuaborough
83,2021-04-07,Obrienland
84,1917-11-07,New Henryport
85,2013-12-26,Riosland
86,2014-06-05,East Eric
87,1909-09-02,Port Leahmouth
88,1981-09-21,Port Bonniefort
89,1945-03-10,East Eriktown
90,2004-10-09,Jonview
91,1935-06-24,Craigmouth
92,1971-05-27,Lake Nicole
93,1965-04-30,Phillipsbury
94,1910-02-24,Hendersonstad
95,1967-09-16,Baileyside
96,2007-12-25,Lake Thomas
97,1959-03-21,Port Rebecca
98,1919-06-13,Jasonton
99,2012-12-28,South Nicholas
100,2010-10-23,Port Roy
